node_id,location,type,latency_mn,status,last_checked
Node-1,cairo,switch,292.58,down,2025-08-07 05:42:36.091510
Node-10,dubai,router,310.17,down,2025-08-07 05:49:36.091768
Node-100,cairo,router,66.2,up,2025-08-07 06:04:36.093281
Node-1000,cairo,router,334.74,down,2025-08-07 06:09:36.102416
Node-101,dubai,router,173.81,degraded,2025-08-07 06:12:36.093295
Node-102,dubai,switch,99.17,up,2025-08-07 05:30:36.093310
Node-103,alexandria,router,32.25,up,2025-08-07 06:20:36.093325
Node-104,dubai,router,243.79,degraded,2025-08-07 05:29:36.093340
Node-105,cairo,switch,32.74,up,2025-08-07 05:39:36.093354
Node-106,alexandria,router,301.5,down,2025-08-07 06:03:36.093368
Node-107,alexandria,switch,30.25,up,2025-08-07 05:29:36.093382
Node-108,dubai,switch,229.09,degraded,2025-08-07 05:47:36.093396
Node-109,cairo,router,113.17,degraded,2025-08-07 05:23:36.093410
Node-11,cairo,switch,190.29,degraded,2025-08-07 05:55:36.091782
Node-110,dubai,switch,367.43,down,2025-08-07 06:00:36.093427
Node-111,alexandria,router,349.29,down,2025-08-07 05:22:36.093440
Node-112,dubai,switch,96.93,up,2025-08-07 06:16:36.093454
Node-113,cairo,switch,204.05,degraded,2025-08-07 06:14:36.093467
Node-114,cairo,router,103.84,degraded,2025-08-07 05:27:36.093480
Node-115,alexandria,switch,206.53,degraded,2025-08-07 05:57:36.093494
Node-116,cairo,switch,139.73,degraded,2025-08-07 05:53:36.093507
Node-117,cairo,switch,229.87,degraded,2025-08-07 06:13:36.093520
Node-118,cairo,router,77.92,up,2025-08-07 05:54:36.093535
Node-119,alexandria,switch,130.4,degraded,2025-08-07 05:31:36.093549
Node-12,dubai,router,331.2,down,2025-08-07 06:14:36.091796
Node-120,alexandria,switch,212.15,degraded,2025-08-07 05:35:36.093561
Node-121,cairo,router,157.87,degraded,2025-08-07 05:53:36.093576
Node-122,cairo,switch,116.73,degraded,2025-08-07 06:06:36.093589
Node-123,alexandria,router,21.75,up,2025-08-07 06:04:36.093603
Node-124,alexandria,switch,360.33,down,2025-08-07 05:20:36.093617
Node-125,dubai,router,347.93,down,2025-08-07 06:15:36.093631
Node-126,cairo,router,324.61,down,2025-08-07 05:40:36.093644
Node-127,dubai,router,52.81,up,2025-08-07 05:47:36.093660
Node-128,dubai,switch,300.02,down,2025-08-07 05:23:36.093674
Node-129,dubai,switch,304.54,down,2025-08-07 05:56:36.093686
Node-13,alexandria,router,105.57,degraded,2025-08-07 06:04:36.091812
Node-130,alexandria,switch,230.15,degraded,2025-08-07 06:10:36.093702
Node-131,dubai,router,345.71,down,2025-08-07 06:19:36.093715
Node-132,alexandria,switch,370.18,down,2025-08-07 06:03:36.093728
Node-133,dubai,switch,338.79,down,2025-08-07 05:47:36.093743
Node-134,cairo,router,41.15,up,2025-08-07 06:08:36.093757
Node-135,cairo,switch,286.96,down,2025-08-07 05:39:36.093781
Node-136,cairo,router,154.68,degraded,2025-08-07 05:52:36.093795
Node-137,dubai,router,366.69,down,2025-08-07 06:10:36.093809
Node-138,dubai,switch,254.48,down,2025-08-07 05:49:36.093819
Node-139,alexandria,router,336.08,down,2025-08-07 05:34:36.093829
Node-14,alexandria,switch,272.76,down,2025-08-07 06:15:36.091826
Node-140,alexandria,router,166.57,degraded,2025-08-07 05:40:36.093838
Node-141,cairo,switch,386.21,down,2025-08-07 05:30:36.093848
Node-142,dubai,switch,189.27,degraded,2025-08-07 06:15:36.093857
Node-143,cairo,router,209.27,degraded,2025-08-07 05:56:36.093867
Node-144,dubai,router,219.19,degraded,2025-08-07 06:10:36.093877
Node-145,dubai,router,199.81,degraded,2025-08-07 05:47:36.093886
Node-146,dubai,router,314.07,down,2025-08-07 05:22:36.093896
Node-147,dubai,router,271.92,down,2025-08-07 05:45:36.093905
Node-148,alexandria,router,396.67,down,2025-08-07 05:30:36.093915
Node-149,alexandria,switch,378.0,down,2025-08-07 05:57:36.093924
Node-15,alexandria,switch,362.76,down,2025-08-07 05:49:36.091840
Node-150,dubai,router,273.42,down,2025-08-07 05:28:36.093936
Node-151,cairo,switch,374.2,down,2025-08-07 05:39:36.093946
Node-152,cairo,switch,151.63,degraded,2025-08-07 06:20:36.093955
Node-153,dubai,switch,158.72,degraded,2025-08-07 05:36:36.093965
Node-154,dubai,router,39.97,up,2025-08-07 05:38:36.093974
Node-155,dubai,switch,52.33,up,2025-08-07 06:03:36.093984
Node-156,cairo,router,202.27,degraded,2025-08-07 05:41:36.093993
Node-157,dubai,router,44.5,up,2025-08-07 06:20:36.094003
Node-158,cairo,switch,335.19,down,2025-08-07 05:50:36.094013
Node-159,dubai,switch,69.06,up,2025-08-07 05:26:36.094022
Node-16,alexandria,router,158.36,degraded,2025-08-07 05:20:36.091853
Node-160,alexandria,router,278.07,down,2025-08-07 06:18:36.094031
Node-161,dubai,switch,214.52,degraded,2025-08-07 05:54:36.094041
Node-162,alexandria,switch,205.38,degraded,2025-08-07 06:13:36.094050
Node-163,cairo,router,224.05,degraded,2025-08-07 05:39:36.094060
Node-164,dubai,router,31.7,up,2025-08-07 06:19:36.094069
Node-165,alexandria,switch,221.18,degraded,2025-08-07 05:20:36.094078
Node-166,alexandria,switch,301.26,down,2025-08-07 06:09:36.094088
Node-167,cairo,router,120.78,degraded,2025-08-07 05:31:36.094098
Node-168,alexandria,router,150.04,degraded,2025-08-07 05:27:36.094107
Node-169,alexandria,switch,336.58,down,2025-08-07 05:34:36.094116
Node-17,alexandria,router,10.17,up,2025-08-07 05:41:36.091866
Node-170,dubai,router,107.65,degraded,2025-08-07 05:41:36.094126
Node-171,dubai,router,393.79,down,2025-08-07 05:42:36.094135
Node-172,alexandria,router,213.57,degraded,2025-08-07 05:26:36.094145
Node-173,alexandria,router,41.91,up,2025-08-07 05:24:36.094154
Node-174,dubai,router,194.85,degraded,2025-08-07 06:15:36.094165
Node-175,dubai,switch,274.85,down,2025-08-07 05:26:36.094175
Node-176,cairo,switch,22.5,up,2025-08-07 05:44:36.094184
Node-177,dubai,router,105.85,degraded,2025-08-07 05:33:36.094194
Node-178,dubai,switch,215.86,degraded,2025-08-07 06:13:36.094203
Node-179,dubai,switch,41.68,up,2025-08-07 05:21:36.094215
Node-18,cairo,router,51.06,up,2025-08-07 05:31:36.091879
Node-180,alexandria,router,355.98,down,2025-08-07 05:36:36.094225
Node-181,alexandria,router,207.52,degraded,2025-08-07 05:28:36.094234
Node-182,cairo,switch,281.15,down,2025-08-07 05:24:36.094243
Node-183,cairo,switch,165.37,degraded,2025-08-07 05:43:36.094253
Node-184,alexandria,switch,381.31,down,2025-08-07 06:16:36.094262
Node-185,alexandria,switch,313.1,down,2025-08-07 06:13:36.094272
Node-186,cairo,router,76.77,up,2025-08-07 06:16:36.094281
Node-187,dubai,router,43.16,up,2025-08-07 06:19:36.094292
Node-188,alexandria,router,381.31,down,2025-08-07 05:36:36.094302
Node-189,cairo,router,333.53,down,2025-08-07 06:00:36.094311
Node-19,cairo,router,116.15,degraded,2025-08-07 06:19:36.091892
Node-190,cairo,switch,300.25,down,2025-08-07 05:54:36.094321
Node-191,dubai,router,43.41,up,2025-08-07 06:12:36.094330
Node-192,dubai,switch,37.87,up,2025-08-07 06:16:36.094340
Node-193,cairo,switch,374.38,down,2025-08-07 05:39:36.094349
Node-194,alexandria,router,212.48,degraded,2025-08-07 06:09:36.094359
Node-195,alexandria,switch,127.76,degraded,2025-08-07 05:20:36.094368
Node-196,dubai,router,163.6,degraded,2025-08-07 06:09:36.094378
Node-197,cairo,router,137.63,degraded,2025-08-07 05:26:36.094387
Node-198,dubai,router,15.9,up,2025-08-07 06:12:36.094397
Node-199,dubai,switch,397.87,down,2025-08-07 05:55:36.094406
Node-2,cairo,router,91.95,up,2025-08-07 05:54:36.091632
Node-20,cairo,switch,346.56,down,2025-08-07 05:36:36.091904
Node-200,dubai,router,383.07,down,2025-08-07 05:57:36.094416
Node-201,dubai,router,247.63,degraded,2025-08-07 05:28:36.094425
Node-202,cairo,router,113.22,degraded,2025-08-07 05:46:36.094436
Node-203,alexandria,switch,63.18,up,2025-08-07 06:02:36.094446
Node-204,cairo,switch,129.2,degraded,2025-08-07 05:47:36.094455
Node-205,dubai,router,11.88,up,2025-08-07 06:11:36.094465
Node-206,cairo,router,343.68,down,2025-08-07 06:17:36.094474
Node-207,cairo,switch,35.54,up,2025-08-07 05:52:36.094484
Node-208,alexandria,router,259.21,down,2025-08-07 06:14:36.094493
Node-209,alexandria,router,214.1,degraded,2025-08-07 06:03:36.094503
Node-21,dubai,router,219.28,degraded,2025-08-07 06:19:36.091918
Node-210,dubai,router,83.55,up,2025-08-07 05:43:36.094512
Node-211,alexandria,router,83.95,up,2025-08-07 05:47:36.094522
Node-212,cairo,switch,212.95,degraded,2025-08-07 05:24:36.094531
Node-213,dubai,switch,209.08,degraded,2025-08-07 05:42:36.094541
Node-214,alexandria,switch,62.22,up,2025-08-07 05:29:36.094550
Node-215,cairo,router,64.0,up,2025-08-07 05:30:36.094560
Node-216,cairo,router,74.04,up,2025-08-07 05:21:36.094569
Node-217,alexandria,router,76.63,up,2025-08-07 05:55:36.094578
Node-218,dubai,router,88.66,up,2025-08-07 05:45:36.094587
Node-219,alexandria,switch,184.22,degraded,2025-08-07 06:00:36.094597
Node-22,cairo,router,362.24,down,2025-08-07 05:23:36.091932
Node-220,alexandria,switch,398.61,down,2025-08-07 06:03:36.094606
Node-221,dubai,switch,91.34,up,2025-08-07 05:27:36.094615
Node-222,dubai,router,328.17,down,2025-08-07 05:57:36.094625
Node-223,alexandria,switch,218.14,degraded,2025-08-07 05:41:36.094634
Node-224,alexandria,router,164.74,degraded,2025-08-07 05:56:36.094644
Node-225,alexandria,router,146.74,degraded,2025-08-07 05:30:36.094653
Node-226,alexandria,router,357.86,down,2025-08-07 05:41:36.094663
Node-227,alexandria,switch,336.79,down,2025-08-07 06:13:36.094672
Node-228,alexandria,router,28.11,up,2025-08-07 05:51:36.094681
Node-229,dubai,switch,292.24,down,2025-08-07 05:28:36.094691
Node-23,cairo,switch,178.54,degraded,2025-08-07 05:25:36.091945
Node-230,cairo,switch,342.61,down,2025-08-07 05:31:36.094700
Node-231,dubai,switch,392.04,down,2025-08-07 06:04:36.094710
Node-232,alexandria,switch,168.07,degraded,2025-08-07 06:03:36.094719
Node-233,dubai,router,312.76,down,2025-08-07 05:46:36.094729
Node-234,dubai,router,183.67,degraded,2025-08-07 05:50:36.094740
Node-235,dubai,switch,344.74,down,2025-08-07 05:54:36.094749
Node-236,cairo,switch,38.99,up,2025-08-07 05:59:36.094759
Node-237,alexandria,router,194.12,degraded,2025-08-07 06:01:36.094768
Node-238,dubai,switch,245.45,degraded,2025-08-07 05:45:36.094778
Node-239,cairo,switch,89.67,up,2025-08-07 05:32:36.094787
Node-24,dubai,router,137.68,degraded,2025-08-07 06:00:36.091958
Node-240,cairo,router,73.04,up,2025-08-07 05:26:36.094797
Node-241,cairo,router,231.25,degraded,2025-08-07 05:33:36.094808
Node-242,alexandria,switch,168.72,degraded,2025-08-07 05:38:36.094820
Node-243,alexandria,switch,186.47,degraded,2025-08-07 05:45:36.094833
Node-244,alexandria,router,304.54,down,2025-08-07 05:32:36.094843
Node-245,dubai,router,213.85,degraded,2025-08-07 05:26:36.094852
Node-246,alexandria,router,99.27,up,2025-08-07 05:35:36.094862
Node-247,alexandria,router,49.0,up,2025-08-07 05:48:36.094871
Node-248,alexandria,router,370.98,down,2025-08-07 05:51:36.094881
Node-249,alexandria,router,364.94,down,2025-08-07 05:56:36.094891
Node-25,dubai,switch,390.73,down,2025-08-07 05:21:36.091971
Node-250,alexandria,router,192.17,degraded,2025-08-07 05:42:36.094901
Node-251,alexandria,router,163.93,degraded,2025-08-07 05:44:36.094910
Node-252,dubai,router,22.43,up,2025-08-07 05:39:36.094920
Node-253,dubai,router,168.54,degraded,2025-08-07 05:25:36.094929
Node-254,dubai,router,113.14,degraded,2025-08-07 05:26:36.094939
Node-255,dubai,router,137.64,degraded,2025-08-07 05:46:36.094948
Node-256,alexandria,router,352.33,down,2025-08-07 05:44:36.094957
Node-257,alexandria,router,255.38,down,2025-08-07 06:16:36.094967
Node-258,dubai,switch,111.03,degraded,2025-08-07 05:29:36.094976
Node-259,cairo,switch,340.88,down,2025-08-07 05:26:36.094986
Node-26,dubai,switch,27.9,up,2025-08-07 05:32:36.091983
Node-260,cairo,switch,108.67,degraded,2025-08-07 05:24:36.094995
Node-261,cairo,router,64.03,up,2025-08-07 06:15:36.095004
Node-262,cairo,switch,327.89,down,2025-08-07 05:31:36.095014
Node-263,alexandria,switch,79.28,up,2025-08-07 05:39:36.095023
Node-264,cairo,router,378.01,down,2025-08-07 05:29:36.095033
Node-265,alexandria,switch,156.52,degraded,2025-08-07 05:26:36.095043
Node-266,alexandria,switch,325.55,down,2025-08-07 05:56:36.095053
Node-267,alexandria,router,247.49,degraded,2025-08-07 05:22:36.095062
Node-268,alexandria,switch,147.14,degraded,2025-08-07 05:22:36.095072
Node-269,dubai,router,264.28,down,2025-08-07 05:43:36.095081
Node-27,alexandria,router,176.23,degraded,2025-08-07 05:28:36.091997
Node-270,cairo,router,47.94,up,2025-08-07 06:04:36.095095
Node-271,cairo,router,49.65,up,2025-08-07 05:28:36.095110
Node-272,dubai,router,81.1,up,2025-08-07 05:40:36.095125
Node-273,dubai,router,348.87,down,2025-08-07 06:01:36.095135
Node-274,dubai,switch,30.25,up,2025-08-07 05:25:36.095145
Node-275,dubai,router,253.88,down,2025-08-07 05:44:36.095154
Node-276,cairo,router,366.86,down,2025-08-07 06:08:36.095163
Node-277,cairo,switch,374.47,down,2025-08-07 05:37:36.095173
Node-278,alexandria,switch,60.05,up,2025-08-07 05:54:36.095182
Node-279,cairo,switch,131.37,degraded,2025-08-07 06:11:36.095192
Node-28,cairo,switch,211.58,degraded,2025-08-07 06:19:36.092013
Node-280,cairo,router,47.77,up,2025-08-07 06:14:36.095201
Node-281,dubai,switch,388.75,down,2025-08-07 05:38:36.095222
Node-282,alexandria,switch,279.35,down,2025-08-07 05:25:36.095232
Node-283,alexandria,router,269.81,down,2025-08-07 05:51:36.095241
Node-284,dubai,router,237.47,degraded,2025-08-07 06:14:36.095250
Node-285,cairo,switch,254.35,down,2025-08-07 05:28:36.095260
Node-286,cairo,router,228.23,degraded,2025-08-07 05:47:36.095269
Node-287,dubai,router,216.1,degraded,2025-08-07 05:55:36.095278
Node-288,alexandria,router,140.01,degraded,2025-08-07 06:10:36.095288
Node-289,dubai,switch,176.51,degraded,2025-08-07 05:56:36.095297
Node-29,alexandria,switch,217.79,degraded,2025-08-07 06:17:36.092029
Node-290,alexandria,router,50.25,up,2025-08-07 06:18:36.095307
Node-291,cairo,router,270.13,down,2025-08-07 05:40:36.095316
Node-292,cairo,router,179.55,degraded,2025-08-07 05:40:36.095326
Node-293,alexandria,router,12.7,up,2025-08-07 05:26:36.095335
Node-294,cairo,router,139.92,degraded,2025-08-07 06:11:36.095345
Node-295,alexandria,switch,59.81,up,2025-08-07 05:45:36.095354
Node-296,cairo,router,269.39,down,2025-08-07 05:39:36.095363
Node-297,cairo,switch,27.45,up,2025-08-07 06:16:36.095373
Node-298,alexandria,switch,186.44,degraded,2025-08-07 06:09:36.095382
Node-299,dubai,router,326.41,down,2025-08-07 06:08:36.095392
Node-3,cairo,router,144.76,degraded,2025-08-07 05:49:36.091660
Node-30,alexandria,switch,382.98,down,2025-08-07 06:00:36.092043
Node-300,alexandria,switch,283.32,down,2025-08-07 06:07:36.095402
Node-301,alexandria,router,142.21,degraded,2025-08-07 05:43:36.095411
Node-302,alexandria,switch,377.56,down,2025-08-07 06:02:36.095420
Node-303,dubai,router,221.52,degraded,2025-08-07 05:54:36.095430
Node-304,dubai,switch,325.25,down,2025-08-07 05:39:36.095440
Node-305,alexandria,router,398.9,down,2025-08-07 06:04:36.095449
Node-306,alexandria,router,118.93,degraded,2025-08-07 05:31:36.095459
Node-307,cairo,router,300.88,down,2025-08-07 05:42:36.095468
Node-308,cairo,switch,279.11,down,2025-08-07 05:35:36.095478
Node-309,cairo,switch,130.08,degraded,2025-08-07 05:54:36.095487
Node-31,alexandria,switch,83.4,up,2025-08-07 05:45:36.092058
Node-310,dubai,switch,219.29,degraded,2025-08-07 06:04:36.095499
Node-311,dubai,switch,158.36,degraded,2025-08-07 05:53:36.095508
Node-312,alexandria,switch,175.1,degraded,2025-08-07 06:12:36.095518
Node-313,alexandria,router,102.38,degraded,2025-08-07 06:19:36.095527
Node-314,cairo,router,195.39,degraded,2025-08-07 05:25:36.095537
Node-315,dubai,router,27.07,up,2025-08-07 05:30:36.095547
Node-316,alexandria,switch,307.86,down,2025-08-07 06:10:36.095556
Node-317,cairo,switch,159.49,degraded,2025-08-07 06:16:36.095566
Node-318,alexandria,switch,385.56,down,2025-08-07 06:06:36.095575
Node-319,alexandria,router,182.74,degraded,2025-08-07 06:07:36.095585
Node-32,cairo,switch,346.98,down,2025-08-07 05:22:36.092073
Node-320,cairo,switch,239.82,degraded,2025-08-07 06:17:36.095594
Node-321,cairo,router,187.53,degraded,2025-08-07 06:00:36.095604
Node-322,cairo,switch,327.7,down,2025-08-07 05:36:36.095613
Node-323,alexandria,switch,164.02,degraded,2025-08-07 05:33:36.095623
Node-324,alexandria,router,20.26,up,2025-08-07 05:33:36.095632
Node-325,dubai,router,182.24,degraded,2025-08-07 06:19:36.095642
Node-326,cairo,router,118.53,degraded,2025-08-07 06:10:36.095651
Node-327,alexandria,router,398.46,down,2025-08-07 05:21:36.095661
Node-328,cairo,router,104.45,degraded,2025-08-07 05:30:36.095670
Node-329,cairo,switch,379.62,down,2025-08-07 06:01:36.095679
Node-33,cairo,switch,268.16,down,2025-08-07 05:55:36.092101
Node-330,dubai,switch,36.24,up,2025-08-07 05:21:36.095689
Node-331,cairo,switch,115.92,degraded,2025-08-07 06:19:36.095698
Node-332,cairo,switch,116.89,degraded,2025-08-07 06:04:36.095707
Node-333,dubai,router,54.22,up,2025-08-07 06:20:36.095717
Node-334,dubai,switch,187.28,degraded,2025-08-07 06:14:36.095726
Node-335,alexandria,router,171.87,degraded,2025-08-07 05:59:36.095735
Node-336,cairo,switch,156.19,degraded,2025-08-07 05:39:36.095745
Node-337,cairo,switch,341.2,down,2025-08-07 05:40:36.095754
Node-338,cairo,router,155.68,degraded,2025-08-07 06:13:36.095764
Node-339,dubai,router,170.01,degraded,2025-08-07 05:23:36.095773
Node-34,dubai,switch,136.34,degraded,2025-08-07 06:08:36.092115
Node-340,alexandria,router,172.5,degraded,2025-08-07 05:47:36.095783
Node-341,alexandria,switch,184.25,degraded,2025-08-07 05:33:36.095793
Node-342,alexandria,switch,24.36,up,2025-08-07 05:55:36.095802
Node-343,cairo,switch,183.37,degraded,2025-08-07 06:19:36.095811
Node-344,cairo,switch,90.81,up,2025-08-07 05:33:36.095820
Node-345,cairo,router,300.03,down,2025-08-07 06:15:36.095833
Node-346,cairo,switch,359.49,down,2025-08-07 06:12:36.095845
Node-347,dubai,switch,116.4,degraded,2025-08-07 05:42:36.095855
Node-348,alexandria,switch,390.01,down,2025-08-07 05:29:36.095864
Node-349,dubai,switch,303.07,down,2025-08-07 06:18:36.095874
Node-35,dubai,switch,85.95,up,2025-08-07 06:09:36.092129
Node-350,alexandria,switch,33.87,up,2025-08-07 05:44:36.095883
Node-351,dubai,switch,38.92,up,2025-08-07 05:55:36.095892
Node-352,cairo,switch,383.14,down,2025-08-07 06:14:36.095902
Node-353,cairo,switch,34.35,up,2025-08-07 06:11:36.095911
Node-354,alexandria,switch,245.63,degraded,2025-08-07 05:21:36.095923
Node-355,cairo,switch,236.89,degraded,2025-08-07 05:41:36.095933
Node-356,cairo,switch,143.7,degraded,2025-08-07 05:23:36.095942
Node-357,dubai,switch,152.69,degraded,2025-08-07 05:40:36.095951
Node-358,dubai,switch,268.76,down,2025-08-07 05:54:36.095961
Node-359,cairo,switch,116.19,degraded,2025-08-07 06:17:36.095970
Node-36,dubai,switch,384.96,down,2025-08-07 05:32:36.092143
Node-360,alexandria,router,389.53,down,2025-08-07 05:20:36.095980
Node-361,cairo,switch,16.83,up,2025-08-07 06:03:36.095989
Node-362,cairo,router,43.31,up,2025-08-07 06:15:36.095999
Node-363,alexandria,switch,132.63,degraded,2025-08-07 06:02:36.096008
Node-364,cairo,router,380.39,down,2025-08-07 05:31:36.096018
Node-365,cairo,switch,87.53,up,2025-08-07 05:25:36.096027
Node-366,cairo,router,368.83,down,2025-08-07 05:25:36.096037
Node-367,cairo,switch,263.11,down,2025-08-07 06:18:36.096047
Node-368,cairo,router,45.26,up,2025-08-07 05:50:36.096056
Node-369,dubai,router,356.27,down,2025-08-07 05:50:36.096065
Node-37,alexandria,router,72.07,up,2025-08-07 06:06:36.092156
Node-370,alexandria,switch,372.42,down,2025-08-07 06:11:36.096075
Node-371,dubai,switch,128.53,degraded,2025-08-07 06:14:36.096085
Node-372,dubai,router,61.9,up,2025-08-07 05:30:36.096094
Node-373,alexandria,router,277.18,down,2025-08-07 05:48:36.096103
Node-374,dubai,router,355.78,down,2025-08-07 06:05:36.096113
Node-375,cairo,switch,389.46,down,2025-08-07 05:53:36.096122
Node-376,cairo,switch,229.21,degraded,2025-08-07 06:20:36.096132
Node-377,dubai,router,216.64,degraded,2025-08-07 05:38:36.096141
Node-378,cairo,router,306.2,down,2025-08-07 06:11:36.096151
Node-379,alexandria,switch,81.68,up,2025-08-07 05:38:36.096160
Node-38,cairo,switch,13.45,up,2025-08-07 06:07:36.092169
Node-380,cairo,switch,178.74,degraded,2025-08-07 06:07:36.096170
Node-381,cairo,router,273.39,down,2025-08-07 05:42:36.096179
Node-382,cairo,switch,98.14,up,2025-08-07 05:48:36.096189
Node-383,dubai,router,228.55,degraded,2025-08-07 05:35:36.096198
Node-384,cairo,router,270.28,down,2025-08-07 05:47:36.096208
Node-385,cairo,switch,41.96,up,2025-08-07 05:35:36.096217
Node-386,cairo,router,297.03,down,2025-08-07 05:43:36.096226
Node-387,alexandria,switch,246.29,degraded,2025-08-07 05:20:36.096236
Node-388,dubai,router,365.9,down,2025-08-07 05:38:36.096245
Node-389,cairo,switch,35.63,up,2025-08-07 06:09:36.096255
Node-39,cairo,router,249.8,degraded,2025-08-07 05:51:36.092182
Node-390,dubai,switch,386.52,down,2025-08-07 05:25:36.096264
Node-391,dubai,router,181.14,degraded,2025-08-07 05:38:36.096274
Node-392,alexandria,switch,75.24,up,2025-08-07 05:20:36.096283
Node-393,cairo,router,74.21,up,2025-08-07 05:40:36.096293
Node-394,cairo,router,371.44,down,2025-08-07 05:43:36.096302
Node-395,dubai,router,110.96,degraded,2025-08-07 05:53:36.096312
Node-396,dubai,switch,378.07,down,2025-08-07 06:18:36.096321
Node-397,alexandria,switch,57.46,up,2025-08-07 05:48:36.096330
Node-398,dubai,switch,43.79,up,2025-08-07 05:32:36.096340
Node-399,alexandria,router,68.26,up,2025-08-07 05:58:36.096349
Node-4,alexandria,switch,30.49,up,2025-08-07 06:06:36.091677
Node-40,dubai,switch,296.59,down,2025-08-07 05:50:36.092195
Node-400,alexandria,router,126.02,degraded,2025-08-07 06:15:36.096358
Node-401,alexandria,router,19.03,up,2025-08-07 06:11:36.096368
Node-402,dubai,switch,257.84,down,2025-08-07 06:03:36.096380
Node-403,dubai,switch,56.65,up,2025-08-07 05:39:36.096390
Node-404,alexandria,switch,105.59,degraded,2025-08-07 05:26:36.096399
Node-405,dubai,switch,381.6,down,2025-08-07 05:35:36.096409
Node-406,alexandria,router,57.45,up,2025-08-07 05:55:36.096418
Node-407,cairo,switch,335.01,down,2025-08-07 05:37:36.096427
Node-408,dubai,router,37.39,up,2025-08-07 05:58:36.096436
Node-409,alexandria,switch,301.49,down,2025-08-07 05:50:36.096446
Node-41,dubai,router,324.7,down,2025-08-07 05:45:36.092208
Node-410,alexandria,switch,296.74,down,2025-08-07 05:24:36.096456
Node-411,cairo,router,358.57,down,2025-08-07 05:33:36.096465
Node-412,dubai,switch,110.71,degraded,2025-08-07 05:28:36.096475
Node-413,alexandria,router,205.01,degraded,2025-08-07 05:30:36.096484
Node-414,alexandria,switch,331.12,down,2025-08-07 06:17:36.096494
Node-415,dubai,router,374.13,down,2025-08-07 06:09:36.096503
Node-416,dubai,router,79.43,up,2025-08-07 06:20:36.096512
Node-417,alexandria,switch,203.29,degraded,2025-08-07 05:34:36.096522
Node-418,cairo,switch,139.63,degraded,2025-08-07 05:26:36.096531
Node-419,dubai,switch,251.91,down,2025-08-07 05:20:36.096541
Node-42,dubai,switch,80.61,up,2025-08-07 05:29:36.092222
Node-420,cairo,switch,330.34,down,2025-08-07 06:03:36.096551
Node-421,cairo,router,251.07,down,2025-08-07 05:38:36.096560
Node-422,alexandria,router,124.83,degraded,2025-08-07 05:35:36.096570
Node-423,dubai,router,24.33,up,2025-08-07 05:25:36.096579
Node-424,alexandria,switch,383.19,down,2025-08-07 06:05:36.096588
Node-425,cairo,switch,349.46,down,2025-08-07 05:21:36.096598
Node-426,cairo,router,340.33,down,2025-08-07 06:10:36.096607
Node-427,alexandria,router,248.47,degraded,2025-08-07 06:05:36.096617
Node-428,dubai,switch,366.36,down,2025-08-07 05:28:36.096626
Node-429,cairo,switch,50.71,up,2025-08-07 06:14:36.096635
Node-43,alexandria,switch,33.7,up,2025-08-07 05:53:36.092235
Node-430,dubai,router,352.05,down,2025-08-07 05:35:36.096645
Node-431,dubai,router,48.21,up,2025-08-07 05:56:36.096654
Node-432,alexandria,router,365.29,down,2025-08-07 05:36:36.096664
Node-433,alexandria,switch,332.84,down,2025-08-07 06:07:36.096673
Node-434,alexandria,router,26.9,up,2025-08-07 06:15:36.096682
Node-435,cairo,switch,106.81,degraded,2025-08-07 06:13:36.096692
Node-436,cairo,switch,74.83,up,2025-08-07 06:09:36.096701
Node-437,dubai,switch,335.01,down,2025-08-07 06:19:36.096711
Node-438,alexandria,switch,83.91,up,2025-08-07 06:09:36.096720
Node-439,alexandria,switch,383.08,down,2025-08-07 05:47:36.096729
Node-44,dubai,switch,398.05,down,2025-08-07 06:05:36.092249
Node-440,cairo,switch,247.31,degraded,2025-08-07 05:33:36.096739
Node-441,dubai,switch,293.85,down,2025-08-07 05:20:36.096749
Node-442,cairo,switch,150.45,degraded,2025-08-07 05:29:36.096758
Node-443,cairo,switch,212.84,degraded,2025-08-07 05:37:36.096768
Node-444,alexandria,router,397.17,down,2025-08-07 06:16:36.096777
Node-445,dubai,switch,144.0,degraded,2025-08-07 05:43:36.096787
Node-446,cairo,switch,174.95,degraded,2025-08-07 05:33:36.096796
Node-447,alexandria,switch,108.9,degraded,2025-08-07 06:15:36.096806
Node-448,alexandria,switch,126.77,degraded,2025-08-07 05:41:36.096816
Node-449,dubai,switch,113.05,degraded,2025-08-07 05:24:36.096825
Node-45,dubai,switch,134.18,degraded,2025-08-07 05:30:36.092264
Node-450,alexandria,router,308.14,down,2025-08-07 05:28:36.096835
Node-451,alexandria,router,11.66,up,2025-08-07 05:53:36.096847
Node-452,alexandria,switch,228.54,degraded,2025-08-07 05:37:36.096859
Node-453,alexandria,router,351.69,down,2025-08-07 05:22:36.096869
Node-454,alexandria,router,349.39,down,2025-08-07 06:03:36.096878
Node-455,cairo,switch,111.53,degraded,2025-08-07 05:37:36.096888
Node-456,dubai,router,321.38,down,2025-08-07 05:55:36.096897
Node-457,cairo,switch,366.24,down,2025-08-07 05:57:36.096907
Node-458,cairo,switch,150.59,degraded,2025-08-07 06:11:36.096919
Node-459,dubai,router,141.93,degraded,2025-08-07 05:44:36.096929
Node-46,dubai,switch,193.55,degraded,2025-08-07 05:20:36.092279
Node-460,cairo,switch,236.16,degraded,2025-08-07 05:28:36.096938
Node-461,cairo,router,108.0,degraded,2025-08-07 06:14:36.096948
Node-462,dubai,switch,259.54,down,2025-08-07 05:23:36.096957
Node-463,dubai,switch,220.07,degraded,2025-08-07 06:00:36.096967
Node-464,cairo,router,215.14,degraded,2025-08-07 06:14:36.096977
Node-465,dubai,router,240.99,degraded,2025-08-07 06:02:36.096986
Node-466,dubai,switch,231.28,degraded,2025-08-07 06:04:36.096996
Node-467,alexandria,router,353.47,down,2025-08-07 05:54:36.097005
Node-468,cairo,router,361.65,down,2025-08-07 05:58:36.097015
Node-469,cairo,switch,341.41,down,2025-08-07 05:59:36.097024
Node-47,cairo,switch,396.75,down,2025-08-07 05:42:36.092292
Node-470,cairo,switch,273.24,down,2025-08-07 05:30:36.097034
Node-471,cairo,switch,45.71,up,2025-08-07 05:39:36.097043
Node-472,dubai,switch,22.6,up,2025-08-07 06:08:36.097053
Node-473,cairo,router,101.52,degraded,2025-08-07 05:22:36.097062
Node-474,dubai,router,189.31,degraded,2025-08-07 05:45:36.097072
Node-475,alexandria,switch,78.2,up,2025-08-07 05:21:36.097081
Node-476,cairo,router,27.58,up,2025-08-07 05:32:36.097091
Node-477,cairo,router,313.37,down,2025-08-07 05:25:36.097100
Node-478,cairo,switch,208.53,degraded,2025-08-07 05:34:36.097110
Node-479,alexandria,router,42.94,up,2025-08-07 06:18:36.097119
Node-48,dubai,router,16.61,up,2025-08-07 06:16:36.092305
Node-480,alexandria,switch,315.85,down,2025-08-07 05:24:36.097129
Node-481,dubai,switch,242.47,degraded,2025-08-07 05:30:36.097149
Node-482,alexandria,router,352.73,down,2025-08-07 06:16:36.097159
Node-483,cairo,switch,380.2,down,2025-08-07 06:05:36.097168
Node-484,cairo,switch,186.28,degraded,2025-08-07 06:10:36.097178
Node-485,cairo,router,41.98,up,2025-08-07 05:57:36.097187
Node-486,alexandria,router,116.69,degraded,2025-08-07 05:47:36.097196
Node-487,dubai,router,188.97,degraded,2025-08-07 05:47:36.097206
Node-488,cairo,switch,145.21,degraded,2025-08-07 05:33:36.097221
Node-489,dubai,switch,379.25,down,2025-08-07 05:58:36.097231
Node-49,dubai,switch,365.31,down,2025-08-07 05:28:36.092318
Node-490,cairo,switch,214.74,degraded,2025-08-07 06:01:36.097241
Node-491,alexandria,switch,217.66,degraded,2025-08-07 05:31:36.097251
Node-492,cairo,switch,30.2,up,2025-08-07 05:28:36.097260
Node-493,dubai,switch,148.91,degraded,2025-08-07 06:18:36.097270
Node-494,alexandria,router,288.21,down,2025-08-07 06:02:36.097279
Node-495,alexandria,switch,157.17,degraded,2025-08-07 05:38:36.097289
Node-496,dubai,switch,394.48,down,2025-08-07 05:37:36.097299
Node-497,cairo,switch,360.22,down,2025-08-07 06:06:36.097308
Node-498,alexandria,switch,247.73,degraded,2025-08-07 06:04:36.097317
Node-499,dubai,switch,290.97,down,2025-08-07 05:47:36.097327
Node-5,alexandria,switch,116.76,degraded,2025-08-07 05:22:36.091693
Node-50,dubai,router,20.21,up,2025-08-07 06:15:36.092466
Node-500,alexandria,router,168.17,degraded,2025-08-07 05:28:36.097336
Node-501,cairo,switch,235.72,degraded,2025-08-07 06:05:36.097346
Node-502,dubai,router,108.13,degraded,2025-08-07 05:34:36.097356
Node-503,alexandria,switch,93.26,up,2025-08-07 05:25:36.097365
Node-504,dubai,switch,65.04,up,2025-08-07 05:47:36.097375
Node-505,alexandria,switch,149.14,degraded,2025-08-07 06:10:36.097385
Node-506,cairo,router,113.51,degraded,2025-08-07 06:20:36.097394
Node-507,dubai,switch,112.06,degraded,2025-08-07 05:51:36.097403
Node-508,alexandria,switch,332.24,down,2025-08-07 05:33:36.097413
Node-509,dubai,switch,77.03,up,2025-08-07 06:18:36.097422
Node-51,alexandria,switch,93.68,up,2025-08-07 06:01:36.092496
Node-510,cairo,router,287.7,down,2025-08-07 05:45:36.097432
Node-511,alexandria,router,103.42,degraded,2025-08-07 05:32:36.097442
Node-512,alexandria,router,54.54,up,2025-08-07 06:13:36.097451
Node-513,alexandria,switch,356.7,down,2025-08-07 05:20:36.097461
Node-514,alexandria,router,39.42,up,2025-08-07 06:04:36.097470
Node-515,alexandria,router,169.74,degraded,2025-08-07 05:34:36.097480
Node-516,dubai,router,291.21,down,2025-08-07 05:39:36.097489
Node-517,alexandria,switch,105.49,degraded,2025-08-07 05:28:36.097499
Node-518,dubai,router,369.51,down,2025-08-07 06:04:36.097508
Node-519,cairo,switch,352.95,down,2025-08-07 06:05:36.097518
Node-52,cairo,switch,17.09,up,2025-08-07 05:38:36.092513
Node-520,cairo,router,182.81,degraded,2025-08-07 06:13:36.097527
Node-521,cairo,switch,17.23,up,2025-08-07 06:18:36.097537
Node-522,dubai,router,146.56,degraded,2025-08-07 05:29:36.097548
Node-523,cairo,switch,241.03,degraded,2025-08-07 05:20:36.097558
Node-524,cairo,switch,126.22,degraded,2025-08-07 05:51:36.097568
Node-525,dubai,router,269.82,down,2025-08-07 05:56:36.097577
Node-526,dubai,router,358.41,down,2025-08-07 05:53:36.097586
Node-527,dubai,router,275.23,down,2025-08-07 05:47:36.097596
Node-528,alexandria,router,59.39,up,2025-08-07 05:29:36.097605
Node-529,cairo,switch,387.65,down,2025-08-07 05:52:36.097615
Node-53,cairo,switch,179.49,degraded,2025-08-07 06:03:36.092528
Node-530,alexandria,switch,123.41,degraded,2025-08-07 06:11:36.097624
Node-531,alexandria,switch,378.86,down,2025-08-07 05:50:36.097634
Node-532,dubai,switch,304.01,down,2025-08-07 06:10:36.097643
Node-533,alexandria,router,25.34,up,2025-08-07 05:43:36.097653
Node-534,alexandria,router,372.5,down,2025-08-07 05:41:36.097662
Node-535,cairo,switch,165.61,degraded,2025-08-07 05:41:36.097672
Node-536,cairo,switch,116.71,degraded,2025-08-07 06:18:36.097682
Node-537,cairo,router,358.73,down,2025-08-07 05:54:36.097691
Node-538,dubai,switch,132.57,degraded,2025-08-07 06:09:36.097701
Node-539,dubai,router,17.48,up,2025-08-07 06:20:36.097710
Node-54,alexandria,switch,373.39,down,2025-08-07 05:51:36.092544
Node-540,alexandria,switch,359.05,down,2025-08-07 05:55:36.097720
Node-541,dubai,router,115.05,degraded,2025-08-07 06:00:36.097729
Node-542,alexandria,router,262.65,down,2025-08-07 05:28:36.097739
Node-543,alexandria,router,324.15,down,2025-08-07 05:37:36.097748
Node-544,dubai,router,129.95,degraded,2025-08-07 05:43:36.097758
Node-545,dubai,switch,372.46,down,2025-08-07 05:41:36.097767
Node-546,dubai,router,293.6,down,2025-08-07 05:52:36.097776
Node-547,dubai,router,125.36,degraded,2025-08-07 05:56:36.097786
Node-548,cairo,router,310.82,down,2025-08-07 06:11:36.097795
Node-549,alexandria,router,235.85,degraded,2025-08-07 05:48:36.097805
Node-55,cairo,router,192.98,degraded,2025-08-07 05:46:36.092558
Node-550,alexandria,router,12.97,up,2025-08-07 05:48:36.097814
Node-551,dubai,switch,383.12,down,2025-08-07 06:08:36.097823
Node-552,dubai,switch,153.65,degraded,2025-08-07 05:58:36.097833
Node-553,cairo,router,156.19,degraded,2025-08-07 05:42:36.097842
Node-554,cairo,router,220.18,degraded,2025-08-07 06:12:36.097854
Node-555,dubai,switch,285.26,down,2025-08-07 05:41:36.097867
Node-556,alexandria,switch,390.82,down,2025-08-07 05:52:36.097880
Node-557,cairo,switch,181.3,degraded,2025-08-07 05:38:36.097890
Node-558,cairo,router,86.06,up,2025-08-07 05:33:36.097899
Node-559,alexandria,switch,69.27,up,2025-08-07 05:45:36.097909
Node-56,alexandria,router,244.59,degraded,2025-08-07 06:09:36.092571
Node-560,cairo,router,79.23,up,2025-08-07 06:08:36.097918
Node-561,dubai,router,283.12,down,2025-08-07 05:44:36.097927
Node-562,alexandria,switch,33.19,up,2025-08-07 05:25:36.097937
Node-563,alexandria,router,191.32,degraded,2025-08-07 05:21:36.097947
Node-564,cairo,router,241.88,degraded,2025-08-07 05:23:36.097956
Node-565,alexandria,switch,311.52,down,2025-08-07 05:31:36.097966
Node-566,cairo,switch,57.22,up,2025-08-07 05:30:36.097976
Node-567,dubai,switch,217.25,degraded,2025-08-07 05:58:36.097985
Node-568,cairo,switch,67.12,up,2025-08-07 06:03:36.097995
Node-569,cairo,switch,237.41,degraded,2025-08-07 06:05:36.098005
Node-57,dubai,switch,251.77,down,2025-08-07 06:16:36.092585
Node-570,dubai,router,211.03,degraded,2025-08-07 05:33:36.098015
Node-571,cairo,switch,333.39,down,2025-08-07 05:57:36.098024
Node-572,cairo,router,11.82,up,2025-08-07 06:11:36.098034
Node-573,alexandria,switch,327.06,down,2025-08-07 06:18:36.098043
Node-574,alexandria,router,356.26,down,2025-08-07 05:40:36.098053
Node-575,cairo,router,337.41,down,2025-08-07 05:30:36.098063
Node-576,cairo,switch,306.19,down,2025-08-07 06:01:36.098072
Node-577,dubai,switch,74.89,up,2025-08-07 05:53:36.098082
Node-578,cairo,switch,307.01,down,2025-08-07 05:26:36.098091
Node-579,dubai,router,79.53,up,2025-08-07 06:18:36.098101
Node-58,cairo,router,76.75,up,2025-08-07 05:27:36.092601
Node-580,cairo,router,155.89,degraded,2025-08-07 05:39:36.098110
Node-581,cairo,router,381.05,down,2025-08-07 05:33:36.098119
Node-582,alexandria,switch,382.39,down,2025-08-07 05:55:36.098129
Node-583,alexandria,router,26.47,up,2025-08-07 05:58:36.098139
Node-584,alexandria,switch,11.71,up,2025-08-07 06:00:36.098148
Node-585,alexandria,router,22.43,up,2025-08-07 05:29:36.098157
Node-586,dubai,switch,326.55,down,2025-08-07 05:35:36.098167
Node-587,alexandria,router,151.14,degraded,2025-08-07 05:24:36.098177
Node-588,dubai,switch,139.83,degraded,2025-08-07 06:09:36.098186
Node-589,dubai,switch,34.17,up,2025-08-07 06:15:36.098196
Node-59,dubai,switch,330.62,down,2025-08-07 05:51:36.092617
Node-590,cairo,router,177.23,degraded,2025-08-07 06:10:36.098205
Node-591,dubai,router,53.59,up,2025-08-07 06:08:36.098214
Node-592,dubai,switch,52.78,up,2025-08-07 05:46:36.098224
Node-593,dubai,switch,367.62,down,2025-08-07 06:00:36.098233
Node-594,alexandria,switch,171.86,degraded,2025-08-07 06:05:36.098245
Node-595,cairo,router,82.74,up,2025-08-07 05:57:36.098255
Node-596,dubai,router,178.52,degraded,2025-08-07 05:59:36.098265
Node-597,alexandria,switch,278.67,down,2025-08-07 05:59:36.098274
Node-598,cairo,switch,73.35,up,2025-08-07 05:33:36.098284
Node-599,alexandria,switch,321.12,down,2025-08-07 06:13:36.098293
Node-6,alexandria,switch,207.34,degraded,2025-08-07 05:46:36.091708
Node-60,cairo,switch,183.35,degraded,2025-08-07 05:45:36.092631
Node-600,dubai,switch,107.6,degraded,2025-08-07 05:47:36.098303
Node-601,cairo,switch,282.16,down,2025-08-07 05:48:36.098313
Node-602,alexandria,router,255.12,down,2025-08-07 05:35:36.098322
Node-603,cairo,switch,161.13,degraded,2025-08-07 05:36:36.098332
Node-604,cairo,switch,276.63,down,2025-08-07 05:38:36.098341
Node-605,cairo,switch,289.9,down,2025-08-07 05:54:36.098351
Node-606,alexandria,switch,267.65,down,2025-08-07 05:30:36.098360
Node-607,cairo,router,311.61,down,2025-08-07 05:56:36.098370
Node-608,alexandria,switch,121.05,degraded,2025-08-07 05:58:36.098379
Node-609,cairo,switch,42.67,up,2025-08-07 06:08:36.098388
Node-61,dubai,switch,366.05,down,2025-08-07 05:46:36.092646
Node-610,dubai,switch,306.62,down,2025-08-07 05:28:36.098398
Node-611,cairo,switch,26.55,up,2025-08-07 05:38:36.098407
Node-612,dubai,router,69.29,up,2025-08-07 06:09:36.098416
Node-613,dubai,switch,361.72,down,2025-08-07 06:02:36.098426
Node-614,cairo,switch,312.93,down,2025-08-07 06:19:36.098436
Node-615,cairo,switch,383.98,down,2025-08-07 05:26:36.098445
Node-616,cairo,router,17.88,up,2025-08-07 05:26:36.098455
Node-617,cairo,switch,173.91,degraded,2025-08-07 06:01:36.098464
Node-618,cairo,switch,103.85,degraded,2025-08-07 05:42:36.098473
Node-619,dubai,switch,254.49,down,2025-08-07 05:50:36.098483
Node-62,dubai,switch,32.96,up,2025-08-07 05:56:36.092659
Node-620,alexandria,router,85.08,up,2025-08-07 06:05:36.098492
Node-621,alexandria,router,187.75,degraded,2025-08-07 05:55:36.098502
Node-622,alexandria,router,257.58,down,2025-08-07 06:18:36.098512
Node-623,dubai,router,106.82,degraded,2025-08-07 05:22:36.098522
Node-624,cairo,router,89.28,up,2025-08-07 06:01:36.098531
Node-625,alexandria,router,397.04,down,2025-08-07 05:56:36.098540
Node-626,alexandria,router,65.78,up,2025-08-07 05:48:36.098549
Node-627,dubai,switch,143.44,degraded,2025-08-07 05:41:36.098559
Node-628,alexandria,router,310.77,down,2025-08-07 06:09:36.098569
Node-629,alexandria,switch,105.77,degraded,2025-08-07 06:14:36.098578
Node-63,alexandria,switch,355.14,down,2025-08-07 05:51:36.092671
Node-630,alexandria,switch,269.73,down,2025-08-07 05:23:36.098587
Node-631,cairo,router,326.11,down,2025-08-07 06:06:36.098597
Node-632,dubai,switch,77.16,up,2025-08-07 05:23:36.098606
Node-633,dubai,switch,126.04,degraded,2025-08-07 06:17:36.098616
Node-634,alexandria,router,229.61,degraded,2025-08-07 05:49:36.098625
Node-635,dubai,router,195.1,degraded,2025-08-07 05:23:36.098635
Node-636,cairo,router,235.97,degraded,2025-08-07 05:55:36.098644
Node-637,cairo,router,253.64,down,2025-08-07 06:11:36.098654
Node-638,alexandria,switch,166.72,degraded,2025-08-07 05:50:36.098663
Node-639,alexandria,router,202.67,degraded,2025-08-07 06:02:36.098673
Node-64,cairo,router,349.08,down,2025-08-07 05:41:36.092683
Node-640,cairo,router,108.15,degraded,2025-08-07 06:03:36.098683
Node-641,dubai,switch,157.24,degraded,2025-08-07 05:27:36.098692
Node-642,alexandria,switch,78.27,up,2025-08-07 05:23:36.098701
Node-643,cairo,switch,372.91,down,2025-08-07 05:28:36.098711
Node-644,dubai,router,222.58,degraded,2025-08-07 05:39:36.098720
Node-645,cairo,switch,363.59,down,2025-08-07 06:19:36.098730
Node-646,dubai,switch,49.74,up,2025-08-07 05:51:36.098739
Node-647,dubai,switch,319.38,down,2025-08-07 05:54:36.098748
Node-648,cairo,switch,181.38,degraded,2025-08-07 05:54:36.098758
Node-649,cairo,router,80.84,up,2025-08-07 06:10:36.098767
Node-65,alexandria,switch,167.62,degraded,2025-08-07 06:06:36.092697
Node-650,alexandria,router,197.95,degraded,2025-08-07 06:06:36.098777
Node-651,alexandria,switch,25.46,up,2025-08-07 05:43:36.098786
Node-652,alexandria,router,325.27,down,2025-08-07 06:06:36.098796
Node-653,cairo,router,178.76,degraded,2025-08-07 05:51:36.098805
Node-654,cairo,router,159.52,degraded,2025-08-07 06:16:36.098815
Node-655,dubai,router,53.82,up,2025-08-07 05:48:36.098824
Node-656,alexandria,switch,20.06,up,2025-08-07 05:43:36.098833
Node-657,dubai,router,23.81,up,2025-08-07 06:03:36.098843
Node-658,cairo,switch,143.29,degraded,2025-08-07 05:59:36.098852
Node-659,cairo,switch,205.75,degraded,2025-08-07 05:49:36.098862
Node-66,dubai,switch,276.98,down,2025-08-07 05:52:36.092714
Node-660,cairo,router,398.29,down,2025-08-07 05:53:36.098871
Node-661,cairo,switch,389.07,down,2025-08-07 05:34:36.098884
Node-662,cairo,router,226.36,degraded,2025-08-07 06:11:36.098897
Node-663,cairo,router,277.11,down,2025-08-07 06:14:36.098907
Node-664,alexandria,switch,91.6,up,2025-08-07 05:51:36.098916
Node-665,cairo,router,327.97,down,2025-08-07 05:56:36.098926
Node-666,dubai,switch,261.6,down,2025-08-07 06:03:36.098935
Node-667,alexandria,router,394.8,down,2025-08-07 05:31:36.098945
Node-668,alexandria,router,151.05,degraded,2025-08-07 05:47:36.098955
Node-669,cairo,router,38.11,up,2025-08-07 05:48:36.098964
Node-67,cairo,router,260.5,down,2025-08-07 05:31:36.092727
Node-670,cairo,switch,149.8,degraded,2025-08-07 05:32:36.098974
Node-671,dubai,switch,168.05,degraded,2025-08-07 06:17:36.098983
Node-672,cairo,router,111.59,degraded,2025-08-07 05:56:36.098993
Node-673,alexandria,router,212.18,degraded,2025-08-07 05:30:36.099002
Node-674,alexandria,router,54.94,up,2025-08-07 05:21:36.099013
Node-675,cairo,router,394.19,down,2025-08-07 05:49:36.099023
Node-676,alexandria,router,278.87,down,2025-08-07 05:21:36.099033
Node-677,cairo,router,347.25,down,2025-08-07 06:17:36.099042
Node-678,alexandria,switch,339.54,down,2025-08-07 05:50:36.099052
Node-679,cairo,router,266.22,down,2025-08-07 05:24:36.099061
Node-68,alexandria,switch,300.11,down,2025-08-07 06:02:36.092741
Node-680,dubai,router,161.04,degraded,2025-08-07 05:54:36.099071
Node-681,cairo,router,322.47,down,2025-08-07 05:31:36.099080
Node-682,dubai,router,78.52,up,2025-08-07 05:41:36.099089
Node-683,dubai,switch,361.39,down,2025-08-07 06:11:36.099099
Node-684,cairo,router,49.68,up,2025-08-07 06:11:36.099108
Node-685,cairo,switch,166.46,degraded,2025-08-07 06:06:36.099118
Node-686,dubai,router,172.92,degraded,2025-08-07 06:07:36.099127
Node-687,dubai,switch,59.45,up,2025-08-07 05:35:36.099136
Node-688,dubai,router,375.36,down,2025-08-07 06:01:36.099146
Node-689,cairo,switch,59.25,up,2025-08-07 05:51:36.099155
Node-69,dubai,switch,204.99,degraded,2025-08-07 06:19:36.092757
Node-690,cairo,router,41.89,up,2025-08-07 06:03:36.099165
Node-691,dubai,switch,307.43,down,2025-08-07 05:29:36.099174
Node-692,alexandria,switch,66.06,up,2025-08-07 05:22:36.099184
Node-693,cairo,router,302.61,down,2025-08-07 06:20:36.099193
Node-694,dubai,router,309.35,down,2025-08-07 05:55:36.099203
Node-695,dubai,router,210.05,degraded,2025-08-07 05:56:36.099212
Node-696,dubai,switch,95.09,up,2025-08-07 05:52:36.099227
Node-697,dubai,router,336.5,down,2025-08-07 05:44:36.099237
Node-698,dubai,switch,335.71,down,2025-08-07 05:25:36.099246
Node-699,alexandria,switch,142.13,degraded,2025-08-07 06:07:36.099256
Node-7,dubai,switch,321.15,down,2025-08-07 05:27:36.091722
Node-70,dubai,switch,31.49,up,2025-08-07 05:40:36.092770
Node-700,cairo,switch,381.63,down,2025-08-07 05:55:36.099265
Node-701,alexandria,router,339.17,down,2025-08-07 06:14:36.099275
Node-702,alexandria,switch,235.27,degraded,2025-08-07 06:15:36.099285
Node-703,cairo,router,78.02,up,2025-08-07 06:20:36.099297
Node-704,alexandria,router,222.06,degraded,2025-08-07 05:52:36.099310
Node-705,cairo,switch,309.63,down,2025-08-07 06:01:36.099325
Node-706,cairo,switch,154.17,degraded,2025-08-07 05:56:36.099339
Node-707,alexandria,switch,300.34,down,2025-08-07 05:53:36.099353
Node-708,alexandria,switch,373.41,down,2025-08-07 06:06:36.099362
Node-709,alexandria,router,265.69,down,2025-08-07 05:55:36.099375
Node-71,dubai,switch,127.54,degraded,2025-08-07 05:47:36.092786
Node-710,alexandria,switch,301.16,down,2025-08-07 05:20:36.099413
Node-711,alexandria,switch,299.76,down,2025-08-07 05:51:36.099431
Node-712,dubai,router,394.07,down,2025-08-07 05:57:36.099444
Node-713,alexandria,switch,247.89,degraded,2025-08-07 06:15:36.099457
Node-714,dubai,router,20.72,up,2025-08-07 05:26:36.099472
Node-715,dubai,router,184.09,degraded,2025-08-07 06:18:36.099488
Node-716,cairo,switch,287.77,down,2025-08-07 05:48:36.099502
Node-717,cairo,router,77.8,up,2025-08-07 06:14:36.099516
Node-718,alexandria,switch,396.51,down,2025-08-07 05:51:36.099529
Node-719,cairo,switch,247.71,degraded,2025-08-07 06:01:36.099542
Node-72,cairo,router,48.01,up,2025-08-07 05:38:36.092801
Node-720,alexandria,router,115.86,degraded,2025-08-07 05:53:36.099557
Node-721,cairo,switch,150.06,degraded,2025-08-07 05:42:36.099572
Node-722,cairo,switch,341.26,down,2025-08-07 06:11:36.099586
Node-723,alexandria,switch,104.19,degraded,2025-08-07 05:47:36.099604
Node-724,cairo,router,259.26,down,2025-08-07 05:53:36.099618
Node-725,cairo,switch,236.68,degraded,2025-08-07 06:02:36.099632
Node-726,dubai,router,183.09,degraded,2025-08-07 06:08:36.099646
Node-727,dubai,switch,103.51,degraded,2025-08-07 06:16:36.099659
Node-728,alexandria,router,74.51,up,2025-08-07 05:54:36.099671
Node-729,alexandria,switch,155.92,degraded,2025-08-07 05:52:36.099685
Node-73,dubai,switch,232.64,degraded,2025-08-07 06:18:36.092816
Node-730,alexandria,switch,283.89,down,2025-08-07 05:55:36.099699
Node-731,dubai,switch,201.1,degraded,2025-08-07 05:54:36.099714
Node-732,alexandria,router,59.4,up,2025-08-07 05:31:36.099726
Node-733,alexandria,switch,343.24,down,2025-08-07 05:35:36.099739
Node-734,dubai,router,186.32,degraded,2025-08-07 05:43:36.099752
Node-735,cairo,switch,287.63,down,2025-08-07 06:02:36.099765
Node-736,dubai,switch,210.34,degraded,2025-08-07 05:29:36.099782
Node-737,cairo,switch,363.2,down,2025-08-07 05:23:36.099798
Node-738,alexandria,router,200.16,degraded,2025-08-07 06:12:36.099813
Node-739,alexandria,switch,49.93,up,2025-08-07 05:48:36.099826
Node-74,cairo,switch,219.27,degraded,2025-08-07 06:08:36.092830
Node-740,alexandria,router,350.15,down,2025-08-07 05:53:36.099842
Node-741,cairo,switch,67.97,up,2025-08-07 06:12:36.099855
Node-742,cairo,switch,366.63,down,2025-08-07 05:58:36.099867
Node-743,dubai,router,258.93,down,2025-08-07 05:21:36.099881
Node-744,alexandria,router,281.8,down,2025-08-07 05:20:36.099895
Node-745,alexandria,router,50.28,up,2025-08-07 05:50:36.099908
Node-746,alexandria,switch,362.82,down,2025-08-07 05:54:36.099921
Node-747,alexandria,router,335.6,down,2025-08-07 05:46:36.099934
Node-748,alexandria,router,12.38,up,2025-08-07 05:25:36.099946
Node-749,cairo,router,171.49,degraded,2025-08-07 06:02:36.099959
Node-75,dubai,switch,202.75,degraded,2025-08-07 05:23:36.092844
Node-750,cairo,router,224.97,degraded,2025-08-07 06:12:36.099973
Node-751,cairo,router,226.46,degraded,2025-08-07 05:30:36.099988
Node-752,cairo,router,44.65,up,2025-08-07 06:08:36.100002
Node-753,dubai,switch,234.67,degraded,2025-08-07 05:36:36.100015
Node-754,dubai,switch,56.96,up,2025-08-07 06:07:36.100029
Node-755,cairo,switch,137.52,degraded,2025-08-07 05:33:36.100044
Node-756,alexandria,router,370.1,down,2025-08-07 05:32:36.100058
Node-757,dubai,switch,16.69,up,2025-08-07 06:16:36.100068
Node-758,dubai,router,379.66,down,2025-08-07 05:35:36.100077
Node-759,alexandria,switch,343.5,down,2025-08-07 05:49:36.100087
Node-76,dubai,switch,336.38,down,2025-08-07 05:34:36.092858
Node-760,cairo,switch,366.39,down,2025-08-07 05:38:36.100097
Node-761,dubai,switch,105.47,degraded,2025-08-07 06:03:36.100106
Node-762,dubai,router,156.33,degraded,2025-08-07 05:40:36.100121
Node-763,cairo,router,156.35,degraded,2025-08-07 05:55:36.100131
Node-764,alexandria,router,283.77,down,2025-08-07 06:17:36.100140
Node-765,cairo,router,84.87,up,2025-08-07 05:52:36.100150
Node-766,dubai,switch,366.6,down,2025-08-07 06:11:36.100160
Node-767,alexandria,switch,280.56,down,2025-08-07 06:10:36.100169
Node-768,cairo,switch,98.13,up,2025-08-07 06:10:36.100179
Node-769,alexandria,switch,386.45,down,2025-08-07 06:19:36.100188
Node-77,dubai,router,365.15,down,2025-08-07 05:39:36.092872
Node-770,cairo,router,155.13,degraded,2025-08-07 05:28:36.100198
Node-771,alexandria,router,364.27,down,2025-08-07 05:34:36.100207
Node-772,dubai,router,19.21,up,2025-08-07 05:54:36.100219
Node-773,alexandria,switch,131.97,degraded,2025-08-07 06:08:36.100228
Node-774,alexandria,router,78.58,up,2025-08-07 05:49:36.100238
Node-775,cairo,router,194.8,degraded,2025-08-07 05:37:36.100247
Node-776,alexandria,switch,162.97,degraded,2025-08-07 05:48:36.100257
Node-777,dubai,switch,14.69,up,2025-08-07 05:29:36.100266
Node-778,alexandria,router,76.04,up,2025-08-07 05:47:36.100275
Node-779,dubai,router,28.64,up,2025-08-07 06:16:36.100285
Node-78,alexandria,router,99.3,up,2025-08-07 05:55:36.092890
Node-780,dubai,router,320.58,down,2025-08-07 06:10:36.100294
Node-781,cairo,router,279.87,down,2025-08-07 06:14:36.100303
Node-782,dubai,switch,201.4,degraded,2025-08-07 06:01:36.100313
Node-783,dubai,router,109.93,degraded,2025-08-07 05:36:36.100323
Node-784,cairo,router,260.56,down,2025-08-07 05:41:36.100332
Node-785,alexandria,router,76.45,up,2025-08-07 05:35:36.100342
Node-786,alexandria,switch,38.78,up,2025-08-07 05:49:36.100351
Node-787,cairo,switch,38.45,up,2025-08-07 06:09:36.100361
Node-788,dubai,switch,363.81,down,2025-08-07 06:08:36.100370
Node-789,cairo,switch,311.82,down,2025-08-07 05:37:36.100380
Node-79,alexandria,router,331.14,down,2025-08-07 05:54:36.092946
Node-790,alexandria,router,190.15,degraded,2025-08-07 05:55:36.100389
Node-791,dubai,router,328.29,down,2025-08-07 05:36:36.100399
Node-792,cairo,router,306.33,down,2025-08-07 05:53:36.100408
Node-793,cairo,switch,376.03,down,2025-08-07 06:03:36.100417
Node-794,cairo,switch,285.0,down,2025-08-07 06:02:36.100427
Node-795,alexandria,switch,253.26,down,2025-08-07 05:36:36.100437
Node-796,alexandria,router,334.7,down,2025-08-07 05:41:36.100446
Node-797,alexandria,switch,200.96,degraded,2025-08-07 06:10:36.100456
Node-798,alexandria,router,221.47,degraded,2025-08-07 05:40:36.100465
Node-799,alexandria,switch,263.43,down,2025-08-07 05:40:36.100475
Node-8,alexandria,router,248.22,degraded,2025-08-07 06:16:36.091737
Node-80,alexandria,switch,237.57,degraded,2025-08-07 05:42:36.092962
Node-800,dubai,switch,268.18,down,2025-08-07 05:58:36.100485
Node-801,alexandria,router,334.9,down,2025-08-07 06:07:36.100494
Node-802,alexandria,switch,317.66,down,2025-08-07 05:46:36.100504
Node-803,cairo,switch,144.16,degraded,2025-08-07 05:33:36.100513
Node-804,dubai,router,121.96,degraded,2025-08-07 05:55:36.100523
Node-805,dubai,switch,167.89,degraded,2025-08-07 05:59:36.100532
Node-806,dubai,switch,181.85,degraded,2025-08-07 05:21:36.100542
Node-807,dubai,router,78.35,up,2025-08-07 05:54:36.100551
Node-808,cairo,router,367.96,down,2025-08-07 05:27:36.100560
Node-809,cairo,router,241.48,degraded,2025-08-07 05:32:36.100570
Node-81,alexandria,switch,216.78,degraded,2025-08-07 05:37:36.092976
Node-810,dubai,router,323.68,down,2025-08-07 05:30:36.100579
Node-811,alexandria,router,60.32,up,2025-08-07 06:01:36.100589
Node-812,dubai,switch,359.57,down,2025-08-07 05:44:36.100598
Node-813,alexandria,switch,173.95,degraded,2025-08-07 06:15:36.100607
Node-814,cairo,switch,94.86,up,2025-08-07 05:31:36.100617
Node-815,dubai,switch,325.56,down,2025-08-07 05:56:36.100626
Node-816,alexandria,router,49.3,up,2025-08-07 05:25:36.100635
Node-817,dubai,switch,191.81,degraded,2025-08-07 05:25:36.100645
Node-818,dubai,switch,148.24,degraded,2025-08-07 05:46:36.100654
Node-819,alexandria,router,238.63,degraded,2025-08-07 06:20:36.100664
Node-82,dubai,switch,301.05,down,2025-08-07 05:22:36.092990
Node-820,cairo,router,228.21,degraded,2025-08-07 05:27:36.100674
Node-821,cairo,switch,153.88,degraded,2025-08-07 05:41:36.100683
Node-822,cairo,switch,59.31,up,2025-08-07 05:53:36.100693
Node-823,cairo,router,285.28,down,2025-08-07 06:16:36.100702
Node-824,cairo,switch,286.63,down,2025-08-07 06:20:36.100712
Node-825,dubai,router,127.29,degraded,2025-08-07 06:16:36.100721
Node-826,dubai,switch,270.37,down,2025-08-07 05:20:36.100731
Node-827,alexandria,router,182.84,degraded,2025-08-07 06:02:36.100740
Node-828,alexandria,router,276.52,down,2025-08-07 05:37:36.100750
Node-829,alexandria,router,19.79,up,2025-08-07 05:39:36.100759
Node-83,dubai,switch,151.95,degraded,2025-08-07 05:55:36.093004
Node-830,dubai,router,183.29,degraded,2025-08-07 05:36:36.100769
Node-831,alexandria,switch,121.35,degraded,2025-08-07 06:20:36.100778
Node-832,alexandria,switch,367.86,down,2025-08-07 06:12:36.100788
Node-833,dubai,router,137.08,degraded,2025-08-07 06:16:36.100797
Node-834,dubai,switch,323.18,down,2025-08-07 05:41:36.100807
Node-835,alexandria,switch,170.15,degraded,2025-08-07 05:37:36.100816
Node-836,cairo,switch,178.01,degraded,2025-08-07 05:27:36.100826
Node-837,alexandria,router,269.15,down,2025-08-07 05:34:36.100835
Node-838,cairo,router,38.33,up,2025-08-07 05:49:36.100845
Node-839,cairo,router,159.85,degraded,2025-08-07 05:23:36.100855
Node-84,alexandria,switch,283.81,down,2025-08-07 05:41:36.093028
Node-840,dubai,switch,304.09,down,2025-08-07 05:29:36.100864
Node-841,alexandria,switch,214.38,degraded,2025-08-07 05:27:36.100873
Node-842,cairo,router,378.87,down,2025-08-07 05:42:36.100883
Node-843,dubai,router,137.16,degraded,2025-08-07 05:23:36.100893
Node-844,alexandria,switch,311.81,down,2025-08-07 05:22:36.100902
Node-845,alexandria,router,331.32,down,2025-08-07 06:03:36.100912
Node-846,alexandria,switch,378.42,down,2025-08-07 06:04:36.100921
Node-847,cairo,switch,383.72,down,2025-08-07 06:20:36.100932
Node-848,cairo,switch,240.66,degraded,2025-08-07 05:59:36.100941
Node-849,dubai,switch,106.24,degraded,2025-08-07 05:23:36.100950
Node-85,cairo,router,365.69,down,2025-08-07 05:22:36.093045
Node-850,alexandria,switch,53.65,up,2025-08-07 05:48:36.100960
Node-851,alexandria,router,308.48,down,2025-08-07 06:13:36.100970
Node-852,alexandria,router,319.61,down,2025-08-07 06:09:36.100979
Node-853,cairo,switch,95.27,up,2025-08-07 06:09:36.100988
Node-854,dubai,switch,198.49,degraded,2025-08-07 06:16:36.100998
Node-855,dubai,switch,135.23,degraded,2025-08-07 05:41:36.101007
Node-856,dubai,switch,327.66,down,2025-08-07 05:39:36.101017
Node-857,dubai,router,210.51,degraded,2025-08-07 06:06:36.101026
Node-858,cairo,switch,328.82,down,2025-08-07 05:33:36.101036
Node-859,cairo,router,250.31,down,2025-08-07 06:07:36.101045
Node-86,cairo,router,44.41,up,2025-08-07 05:40:36.093059
Node-860,cairo,switch,58.17,up,2025-08-07 06:11:36.101058
Node-861,cairo,switch,313.82,down,2025-08-07 05:32:36.101071
Node-862,dubai,switch,71.11,up,2025-08-07 05:36:36.101083
Node-863,alexandria,router,303.08,down,2025-08-07 06:15:36.101093
Node-864,cairo,router,78.99,up,2025-08-07 05:51:36.101102
Node-865,cairo,router,278.16,down,2025-08-07 05:46:36.101112
Node-866,dubai,router,290.28,down,2025-08-07 06:10:36.101122
Node-867,alexandria,switch,79.26,up,2025-08-07 05:22:36.101131
Node-868,alexandria,router,53.19,up,2025-08-07 05:30:36.101140
Node-869,cairo,switch,175.97,degraded,2025-08-07 05:30:36.101150
Node-87,dubai,router,344.1,down,2025-08-07 05:30:36.093073
Node-870,alexandria,router,380.61,down,2025-08-07 05:46:36.101160
Node-871,alexandria,router,295.98,down,2025-08-07 05:23:36.101170
Node-872,alexandria,router,360.75,down,2025-08-07 05:28:36.101179
Node-873,cairo,router,42.91,up,2025-08-07 05:59:36.101189
Node-874,dubai,switch,156.37,degraded,2025-08-07 06:10:36.101198
Node-875,cairo,switch,122.41,degraded,2025-08-07 05:21:36.101207
Node-876,alexandria,switch,271.05,down,2025-08-07 05:38:36.101217
Node-877,alexandria,switch,74.09,up,2025-08-07 05:44:36.101235
Node-878,alexandria,switch,88.19,up,2025-08-07 06:06:36.101245
Node-879,dubai,router,147.69,degraded,2025-08-07 06:10:36.101254
Node-88,dubai,router,379.64,down,2025-08-07 05:58:36.093088
Node-880,alexandria,router,132.5,degraded,2025-08-07 06:12:36.101264
Node-881,dubai,switch,378.13,down,2025-08-07 06:08:36.101274
Node-882,alexandria,router,259.62,down,2025-08-07 05:53:36.101283
Node-883,alexandria,router,147.77,degraded,2025-08-07 05:43:36.101293
Node-884,dubai,switch,128.1,degraded,2025-08-07 05:36:36.101302
Node-885,dubai,router,256.74,down,2025-08-07 05:31:36.101312
Node-886,alexandria,switch,323.75,down,2025-08-07 05:36:36.101321
Node-887,dubai,switch,96.23,up,2025-08-07 06:11:36.101331
Node-888,dubai,router,231.82,degraded,2025-08-07 05:41:36.101341
Node-889,cairo,switch,388.62,down,2025-08-07 05:53:36.101351
Node-89,cairo,switch,196.37,degraded,2025-08-07 05:38:36.093103
Node-890,cairo,switch,225.9,degraded,2025-08-07 05:36:36.101360
Node-891,cairo,router,87.83,up,2025-08-07 05:53:36.101370
Node-892,dubai,router,242.67,degraded,2025-08-07 05:53:36.101379
Node-893,alexandria,router,390.79,down,2025-08-07 05:41:36.101389
Node-894,alexandria,switch,30.69,up,2025-08-07 06:03:36.101398
Node-895,dubai,router,227.56,degraded,2025-08-07 06:01:36.101408
Node-896,cairo,switch,160.97,degraded,2025-08-07 06:16:36.101417
Node-897,dubai,router,193.59,degraded,2025-08-07 05:38:36.101426
Node-898,dubai,router,395.91,down,2025-08-07 05:38:36.101436
Node-899,alexandria,switch,324.47,down,2025-08-07 05:55:36.101446
Node-9,alexandria,router,129.88,degraded,2025-08-07 05:54:36.091752
Node-90,cairo,router,370.9,down,2025-08-07 06:05:36.093118
Node-900,cairo,switch,205.03,degraded,2025-08-07 06:04:36.101455
Node-901,dubai,router,362.16,down,2025-08-07 05:45:36.101465
Node-902,cairo,router,182.68,degraded,2025-08-07 05:44:36.101474
Node-903,dubai,router,264.22,down,2025-08-07 05:41:36.101484
Node-904,alexandria,switch,340.62,down,2025-08-07 05:26:36.101493
Node-905,cairo,router,46.32,up,2025-08-07 05:20:36.101502
Node-906,dubai,router,62.55,up,2025-08-07 06:10:36.101512
Node-907,alexandria,switch,98.11,up,2025-08-07 05:55:36.101521
Node-908,cairo,switch,126.58,degraded,2025-08-07 05:23:36.101531
Node-909,alexandria,switch,363.81,down,2025-08-07 06:18:36.101540
Node-91,alexandria,router,261.24,down,2025-08-07 05:32:36.093133
Node-910,dubai,switch,376.78,down,2025-08-07 05:58:36.101550
Node-911,cairo,switch,388.83,down,2025-08-07 06:19:36.101559
Node-912,alexandria,switch,89.45,up,2025-08-07 06:12:36.101569
Node-913,cairo,router,242.81,degraded,2025-08-07 05:46:36.101578
Node-914,alexandria,switch,94.39,up,2025-08-07 05:35:36.101588
Node-915,dubai,switch,275.72,down,2025-08-07 06:20:36.101597
Node-916,dubai,router,324.81,down,2025-08-07 05:44:36.101606
Node-917,dubai,switch,374.28,down,2025-08-07 06:11:36.101616
Node-918,cairo,switch,317.08,down,2025-08-07 05:38:36.101625
Node-919,cairo,switch,322.34,down,2025-08-07 05:41:36.101634
Node-92,alexandria,switch,360.97,down,2025-08-07 05:36:36.093148
Node-920,dubai,router,36.08,up,2025-08-07 06:01:36.101644
Node-921,dubai,router,229.65,degraded,2025-08-07 05:43:36.101654
Node-922,dubai,switch,46.49,up,2025-08-07 06:09:36.101663
Node-923,dubai,switch,179.58,degraded,2025-08-07 05:45:36.101672
Node-924,dubai,switch,95.9,up,2025-08-07 05:35:36.101682
Node-925,cairo,router,283.05,down,2025-08-07 05:34:36.101691
Node-926,cairo,router,307.78,down,2025-08-07 05:39:36.101701
Node-927,dubai,switch,150.19,degraded,2025-08-07 05:36:36.101711
Node-928,cairo,router,115.11,degraded,2025-08-07 05:44:36.101720
Node-929,dubai,switch,12.39,up,2025-08-07 05:39:36.101730
Node-93,cairo,switch,388.92,down,2025-08-07 05:42:36.093163
Node-930,dubai,switch,377.74,down,2025-08-07 05:48:36.101740
Node-931,alexandria,switch,306.41,down,2025-08-07 06:04:36.101749
Node-932,alexandria,switch,20.95,up,2025-08-07 05:48:36.101759
Node-933,alexandria,router,382.03,down,2025-08-07 05:58:36.101769
Node-934,alexandria,switch,39.24,up,2025-08-07 05:59:36.101778
Node-935,cairo,router,330.32,down,2025-08-07 05:50:36.101787
Node-936,alexandria,router,113.66,degraded,2025-08-07 05:51:36.101797
Node-937,dubai,switch,168.43,degraded,2025-08-07 05:41:36.101806
Node-938,alexandria,switch,289.78,down,2025-08-07 06:19:36.101816
Node-939,alexandria,switch,373.52,down,2025-08-07 05:23:36.101825
Node-94,cairo,switch,385.95,down,2025-08-07 05:47:36.093181
Node-940,cairo,switch,344.52,down,2025-08-07 06:19:36.101835
Node-941,cairo,router,344.86,down,2025-08-07 06:05:36.101844
Node-942,alexandria,switch,325.18,down,2025-08-07 05:35:36.101854
Node-943,alexandria,switch,289.52,down,2025-08-07 06:14:36.101863
Node-944,dubai,router,392.94,down,2025-08-07 05:52:36.101873
Node-945,dubai,switch,133.29,degraded,2025-08-07 05:44:36.101882
Node-946,cairo,router,231.3,degraded,2025-08-07 06:20:36.101892
Node-947,alexandria,router,35.48,up,2025-08-07 05:27:36.101901
Node-948,alexandria,router,256.3,down,2025-08-07 05:47:36.101911
Node-949,cairo,switch,324.35,down,2025-08-07 06:08:36.101920
Node-95,dubai,router,377.19,down,2025-08-07 05:48:36.093209
Node-950,cairo,router,97.46,up,2025-08-07 05:48:36.101930
Node-951,alexandria,router,41.46,up,2025-08-07 06:11:36.101939
Node-952,dubai,router,358.85,down,2025-08-07 06:03:36.101949
Node-953,dubai,router,135.27,degraded,2025-08-07 05:37:36.101958
Node-954,alexandria,switch,268.43,down,2025-08-07 05:56:36.101967
Node-955,alexandria,router,199.08,degraded,2025-08-07 05:55:36.101977
Node-956,alexandria,router,393.59,down,2025-08-07 05:40:36.101986
Node-957,alexandria,router,120.26,degraded,2025-08-07 05:56:36.101996
Node-958,alexandria,switch,66.71,up,2025-08-07 05:58:36.102005
Node-959,dubai,router,135.58,degraded,2025-08-07 05:29:36.102015
Node-96,alexandria,switch,56.18,up,2025-08-07 06:16:36.093224
Node-960,dubai,router,46.69,up,2025-08-07 06:04:36.102024
Node-961,cairo,router,137.95,degraded,2025-08-07 05:32:36.102034
Node-962,alexandria,router,355.07,down,2025-08-07 05:43:36.102044
Node-963,cairo,router,374.38,down,2025-08-07 05:39:36.102053
Node-964,cairo,router,33.17,up,2025-08-07 05:35:36.102062
Node-965,cairo,switch,326.48,down,2025-08-07 05:26:36.102075
Node-966,dubai,switch,144.87,degraded,2025-08-07 05:59:36.102087
Node-967,dubai,switch,329.25,down,2025-08-07 06:00:36.102097
Node-968,dubai,switch,186.25,degraded,2025-08-07 06:10:36.102107
Node-969,cairo,router,353.06,down,2025-08-07 05:57:36.102116
Node-97,cairo,router,209.57,degraded,2025-08-07 05:57:36.093238
Node-970,dubai,router,147.86,degraded,2025-08-07 05:40:36.102125
Node-971,cairo,router,223.9,degraded,2025-08-07 05:20:36.102135
Node-972,cairo,router,276.89,down,2025-08-07 05:54:36.102144
Node-973,cairo,switch,280.71,down,2025-08-07 06:02:36.102154
Node-974,alexandria,router,22.98,up,2025-08-07 05:53:36.102166
Node-975,cairo,router,203.23,degraded,2025-08-07 05:54:36.102176
Node-976,alexandria,switch,68.05,up,2025-08-07 05:27:36.102186
Node-977,dubai,router,310.33,down,2025-08-07 05:40:36.102195
Node-978,cairo,switch,289.81,down,2025-08-07 05:53:36.102205
Node-979,cairo,switch,25.47,up,2025-08-07 05:25:36.102215
Node-98,dubai,router,115.75,degraded,2025-08-07 05:32:36.093253
Node-980,alexandria,switch,86.52,up,2025-08-07 05:30:36.102224
Node-981,alexandria,switch,330.61,down,2025-08-07 05:55:36.102234
Node-982,cairo,router,123.89,degraded,2025-08-07 05:57:36.102244
Node-983,dubai,switch,150.02,degraded,2025-08-07 05:43:36.102253
Node-984,cairo,switch,85.5,up,2025-08-07 05:33:36.102263
Node-985,cairo,switch,150.11,degraded,2025-08-07 05:45:36.102272
Node-986,cairo,switch,328.77,down,2025-08-07 05:28:36.102282
Node-987,cairo,switch,203.85,degraded,2025-08-07 05:45:36.102292
Node-988,cairo,router,384.85,down,2025-08-07 05:33:36.102301
Node-989,alexandria,switch,110.15,degraded,2025-08-07 06:19:36.102310
Node-99,cairo,switch,358.81,down,2025-08-07 05:53:36.093267
Node-990,cairo,router,308.66,down,2025-08-07 05:56:36.102320
Node-991,alexandria,router,206.13,degraded,2025-08-07 06:07:36.102329
Node-992,alexandria,switch,81.48,up,2025-08-07 06:16:36.102339
Node-993,alexandria,router,318.16,down,2025-08-07 05:38:36.102348
Node-994,alexandria,router,378.04,down,2025-08-07 05:20:36.102358
Node-995,cairo,router,249.77,degraded,2025-08-07 05:23:36.102368
Node-996,cairo,router,342.42,down,2025-08-07 05:29:36.102377
Node-997,cairo,switch,335.92,down,2025-08-07 05:28:36.102387
Node-998,cairo,router,174.84,degraded,2025-08-07 05:26:36.102397
Node-999,alexandria,router,206.93,degraded,2025-08-07 05:45:36.102406
